{"cameraMode":{"drawMode":0,"name":"Shaded","section":"Shading Mode"},"sceneLighting":true,"audioPlay":false,"sceneViewState":{"showFog":true,"showMaterialUpdate":true,"showSkybox":true,"showFlares":true,"showImageEffects":true,"showParticleSystems":true},"in2DMode":false,"pivot":{"x":-13.210000038146973,"y":1.7300000190734864,"z":26.388999938964845},"rotation":{"x":0.1112486943602562,"y":-0.8234226703643799,"z":0.17318186163902284,"w":0.5288512110710144},"size":35.343570709228519,"orthographic":false}